{
    "Player": {
        "Test1": 45,
        "Test2": 9.375,
        "Test3": [
            -4.800000190734863,
            10.0,
            8.461999893188477
        ]
    }
}
