{
    "Player": {
        "Test1": 56,
        "Test2": 8.333000183105469,
        "Test3": [
            0.0,
            1.600000023841858,
            0.0
        ]
    }
}
